source,target,weight
AGE,SEX,0.39425029613072216
AGE,INF_ANAM,0.09823813913817685
AGE,STENOK_AN,0.2329685209856195
AGE,FK_STENOK,0.19818539212813369
AGE,IBS_POST,0.10351568831730747
AGE,IBS_NASL,0.26594177288404175
AGE,GB,0.23573657309174945
AGE,DLIT_AG,0.29254268811862966
AGE,ZSN_A,0.13170450950206902
AGE,nr_04,0.10577335934580145
AGE,endocr_01,0.14006425104185338
AGE,zab_leg_02,0.08686946893121862
AGE,zab_leg_03,0.07703499845108804
AGE,S_AD_KBRIG,0.09565803991944549
AGE,O_L_POST,0.08356822000452294
AGE,MP_TP_POST,0.13346655652887046
AGE,lat_im,0.08213711981148526
AGE,ritm_ecg_p_01,0.13282323024442372
AGE,ritm_ecg_p_02,0.13797042184890684
AGE,n_r_ecg_p_01,0.10030850721290219
AGE,n_r_ecg_p_05,0.13021894226679812
AGE,n_r_ecg_p_06,0.09033973985535869
AGE,n_p_ecg_p_03,0.0755974175826675
AGE,fibr_ter_03,0.1709299367463717
AGE,ALT_BLOOD,0.10468840332263958
AGE,KFK_BLOOD,0.6362646570057516
AGE,ROE,0.21439279545348533
AGE,NITR_S,0.08239580645575638
AGE,B_BLOK_S_n,0.16018297937870013
AGE,GEPAR_S_n,0.09845353007463098
SEX,AGE,0.39425029613072216
SEX,STENOK_AN,0.09411187947367435
SEX,FK_STENOK,0.10789040230039557
SEX,IBS_POST,0.07419863088433694
SEX,GB,0.25595750812149787
SEX,DLIT_AG,0.3458970877661652
SEX,ZSN_A,0.10556376454643662
SEX,endocr_01,0.26252000772076467
SEX,endocr_02,0.10534549846395887
SEX,endocr_03,0.10047984974553205
SEX,S_AD_KBRIG,0.13299728622235615
SEX,S_AD_ORIT,0.09692753761895267
SEX,O_L_POST,0.08905637175359017
SEX,MP_TP_POST,0.07591605460718541
SEX,ritm_ecg_p_01,0.11165634572524238
SEX,ritm_ecg_p_02,0.07344490031669865
SEX,ritm_ecg_p_07,0.10503588286990695
SEX,n_r_ecg_p_05,0.1012773570258244
SEX,fibr_ter_03,0.10868158580285564
SEX,KFK_BLOOD,0.737864787372622
SEX,ROE,0.21592845121822596
SEX,LID_S_n,0.10273044679989507
SEX,B_BLOK_S_n,0.07785467011306865
INF_ANAM,AGE,0.09823813913817685
INF_ANAM,STENOK_AN,0.3305491615896783
INF_ANAM,FK_STENOK,0.33304036761201516
INF_ANAM,IBS_POST,0.21195819475293368
INF_ANAM,GB,0.10140199613828123
INF_ANAM,DLIT_AG,0.13133682170534433
INF_ANAM,ZSN_A,0.16798188310451465
INF_ANAM,endocr_01,0.10331204197676401
INF_ANAM,S_AD_ORIT,0.08771708981300447
INF_ANAM,D_AD_ORIT,0.09845795327154881
INF_ANAM,O_L_POST,0.11232389722354776
INF_ANAM,K_SH_POST,0.08348909448288028
INF_ANAM,ant_im,0.09134647600111076
INF_ANAM,lat_im,0.09257572443762323
INF_ANAM,post_im,0.07929739382915905
INF_ANAM,ritm_ecg_p_07,0.07576743107992936
INF_ANAM,KFK_BLOOD,0.4216370213557839
INF_ANAM,ROE,0.07378191001021786
INF_ANAM,R_AB_1_n,0.07386311135382757
INF_ANAM,R_AB_2_n,0.12260587622313006
INF_ANAM,NITR_S,0.15161014885522675
INF_ANAM,NA_R_1_n,0.09477311195275238
INF_ANAM,NA_R_2_n,0.08114626260875289
INF_ANAM,LID_S_n,0.10204417772044141
STENOK_AN,AGE,0.2329685209856195
STENOK_AN,SEX,0.09411187947367435
STENOK_AN,INF_ANAM,0.3305491615896783
STENOK_AN,FK_STENOK,0.7630190221557106
STENOK_AN,IBS_POST,0.33291429405668477
STENOK_AN,GB,0.13378315412412886
STENOK_AN,DLIT_AG,0.2185855826320241
STENOK_AN,ZSN_A,0.10387122662306157
STENOK_AN,nr_11,0.08160492398809163
STENOK_AN,nr_04,0.0889123460070321
STENOK_AN,endocr_01,0.10215788183657845
STENOK_AN,zab_leg_02,0.07997823319384798
STENOK_AN,ant_im,0.0735270645399492
STENOK_AN,lat_im,0.08065365670320064
STENOK_AN,n_r_ecg_p_06,0.0869684818588465
STENOK_AN,fibr_ter_03,0.08754363657075419
STENOK_AN,GIPER_NA,0.08770983207780426
STENOK_AN,KFK_BLOOD,0.9853292781642929
STENOK_AN,R_AB_1_n,0.11045287795092046
STENOK_AN,R_AB_2_n,0.09357321423649793
STENOK_AN,R_AB_3_n,0.12384658103826879
STENOK_AN,NITR_S,0.10291631317868082
STENOK_AN,NA_R_1_n,0.09556425302909435
STENOK_AN,NA_R_3_n,0.1159773097438294
FK_STENOK,AGE,0.19818539212813369
FK_STENOK,SEX,0.10789040230039557
FK_STENOK,INF_ANAM,0.33304036761201516
FK_STENOK,STENOK_AN,0.7630190221557106
FK_STENOK,IBS_POST,0.38514931320559304
FK_STENOK,GB,0.11789368383884617
FK_STENOK,DLIT_AG,0.16577508734221721
FK_STENOK,ZSN_A,0.13966640963521332
FK_STENOK,nr_11,0.08557438405779241
FK_STENOK,endocr_01,0.12044918071987093
FK_STENOK,zab_leg_02,0.07220508851168038
FK_STENOK,O_L_POST,0.0729714039741764
FK_STENOK,lat_im,0.07899090504517232
FK_STENOK,ritm_ecg_p_01,0.07601756642428911
FK_STENOK,n_r_ecg_p_03,0.08414738846375906
FK_STENOK,fibr_ter_03,0.08626898505719856
FK_STENOK,GIPER_NA,0.09666170677023561
FK_STENOK,KFK_BLOOD,0.9853292781642932
FK_STENOK,ROE,0.07225391211751328
FK_STENOK,R_AB_1_n,0.09401215940276393
FK_STENOK,R_AB_2_n,0.11200034453144757
FK_STENOK,R_AB_3_n,0.12193921859236938
FK_STENOK,NITR_S,0.08849353358005703
FK_STENOK,NA_R_2_n,0.11744742296586197
FK_STENOK,NA_R_3_n,0.1347994733485545
IBS_POST,AGE,0.10351568831730747
IBS_POST,SEX,0.07419863088433694
IBS_POST,INF_ANAM,0.21195819475293368
IBS_POST,STENOK_AN,0.33291429405668477
IBS_POST,FK_STENOK,0.38514931320559304
IBS_POST,IBS_NASL,0.1336119821917788
IBS_POST,GB,0.125133043889798
IBS_POST,DLIT_AG,0.14021090999387328
IBS_POST,ZSN_A,0.09983754243211396
IBS_POST,endocr_01,0.0897565469364379
IBS_POST,ritm_ecg_p_07,0.08095234252131427
IBS_POST,fibr_ter_03,0.10644675316675983
IBS_POST,KFK_BLOOD,0.3651483716701108
IBS_POST,L_BLOOD,0.1001576549193735
IBS_POST,ROE,0.10022404150118225
IBS_POST,R_AB_1_n,0.0738072641655566
IBS_POST,R_AB_3_n,0.09530720352053325
IBS_POST,NA_KB,0.10619123256757512
IBS_POST,LID_KB,0.08152532330104259
IBS_POST,LID_S_n,0.09417225383439592
IBS_POST,GEPAR_S_n,0.07265309401030169
IBS_NASL,AGE,0.26594177288404175
IBS_NASL,IBS_POST,0.1336119821917788
IBS_NASL,GB,0.10432126388247162
IBS_NASL,ZSN_A,0.12968452466494526
IBS_NASL,nr_11,0.12562244381357196
IBS_NASL,nr_01,0.09192771195538435
IBS_NASL,nr_02,0.15321285325897396
IBS_NASL,nr_03,0.15321285325897394
IBS_NASL,nr_08,0.09192771195538434
IBS_NASL,zab_leg_04,0.09192771195538434
IBS_NASL,S_AD_KBRIG,0.10799640917909124
IBS_NASL,D_AD_KBRIG,0.30952754116763825
IBS_NASL,S_AD_ORIT,0.39198872003804097
IBS_NASL,D_AD_ORIT,0.32978377810868414
IBS_NASL,O_L_POST,0.13336626734231613
IBS_NASL,MP_TP_POST,0.15257923607235446
IBS_NASL,FIB_G_POST,0.09362816758985389
IBS_NASL,IM_PG_P,0.09192771195538434
IBS_NASL,ritm_ecg_p_01,0.1316620889260738
IBS_NASL,ritm_ecg_p_02,0.09882117688026187
IBS_NASL,ritm_ecg_p_07,0.13381609033201514
IBS_NASL,n_r_ecg_p_01,0.09685485552825747
IBS_NASL,n_r_ecg_p_04,0.13803940759355823
IBS_NASL,n_p_ecg_p_03,0.15884196306634224
IBS_NASL,n_p_ecg_p_10,0.15884196306634224
IBS_NASL,n_p_ecg_p_11,0.09685485552825747
IBS_NASL,n_p_ecg_p_12,0.19834087593950492
IBS_NASL,fibr_ter_06,0.09192771195538435
IBS_NASL,fibr_ter_07,0.1532128532589739
IBS_NASL,GIPO_K,0.25184186820745535
IBS_NASL,NA_BLOOD,0.22258712222208826
IBS_NASL,ALT_BLOOD,0.08693876113034113
IBS_NASL,AST_BLOOD,0.2901213834976941
IBS_NASL,ROE,0.15932314173741913
IBS_NASL,TIME_B_S,0.1501905047237462
IBS_NASL,R_AB_1_n,0.21723492176893439
IBS_NASL,R_AB_2_n,0.18885817045805686
IBS_NASL,R_AB_3_n,0.1119834276789645
IBS_NASL,NA_KB,0.13402192668680962
IBS_NASL,NOT_NA_KB,0.14016379317012645
IBS_NASL,LID_KB,0.10376636424248223
IBS_NASL,NA_R_1_n,0.1853231571921991
IBS_NASL,NA_R_2_n,0.1016958483883895
IBS_NASL,NOT_NA_1_n,0.23357993383899237
IBS_NASL,LID_S_n,0.1087741341291259
IBS_NASL,B_BLOK_S_n,0.24011404093628644
IBS_NASL,GEPAR_S_n,0.11293523102442525
IBS_NASL,TIKL_S_n,0.13100020021041991
GB,AGE,0.23573657309174945
GB,SEX,0.25595750812149787
GB,INF_ANAM,0.10140199613828123
GB,STENOK_AN,0.13378315412412886
GB,FK_STENOK,0.11789368383884617
GB,IBS_POST,0.125133043889798
GB,IBS_NASL,0.10432126388247162
GB,SIM_GIPERT,0.2240166258530728
GB,DLIT_AG,0.7758654040495631
GB,endocr_01,0.10849038424061598
GB,S_AD_KBRIG,0.28906216684024916
GB,D_AD_KBRIG,0.23025872273913545
GB,S_AD_ORIT,0.2906979672900415
GB,D_AD_ORIT,0.24070132703346228
GB,O_L_POST,0.07267755040610964
GB,ritm_ecg_p_01,0.08004577368954753
GB,ritm_ecg_p_07,0.07760705785559655
GB,fibr_ter_03,0.09623734132170873
SIM_GIPERT,GB,0.2240166258530728
SIM_GIPERT,DLIT_AG,0.1381656400957685
SIM_GIPERT,endocr_01,0.07996670554116835
SIM_GIPERT,endocr_02,0.09642378250269151
SIM_GIPERT,S_AD_ORIT,0.0912709789290141
DLIT_AG,AGE,0.29254268811862966
DLIT_AG,SEX,0.3458970877661652
DLIT_AG,INF_ANAM,0.13133682170534433
DLIT_AG,STENOK_AN,0.2185855826320241
DLIT_AG,FK_STENOK,0.16577508734221721
DLIT_AG,IBS_POST,0.14021090999387328
DLIT_AG,GB,0.7758654040495631
DLIT_AG,SIM_GIPERT,0.1381656400957685
DLIT_AG,ZSN_A,0.08481204975243596
DLIT_AG,endocr_01,0.19321979725932298
DLIT_AG,endocr_02,0.09822244252580364
DLIT_AG,S_AD_KBRIG,0.31121720512479706
DLIT_AG,D_AD_KBRIG,0.23889025041456816
DLIT_AG,S_AD_ORIT,0.3329757762119063
DLIT_AG,D_AD_ORIT,0.2552736154971758
DLIT_AG,O_L_POST,0.07284937768499755
DLIT_AG,FIB_G_POST,0.09129003996092573
DLIT_AG,ritm_ecg_p_01,0.11363342777879999
DLIT_AG,ritm_ecg_p_07,0.10597517265812968
DLIT_AG,fibr_ter_03,0.09253904819394783
DLIT_AG,ALT_BLOOD,0.09556040646247668
DLIT_AG,KFK_BLOOD,0.27735009811261446
DLIT_AG,ROE,0.09965958025173198
DLIT_AG,NITR_S,0.08120885936155124
ZSN_A,AGE,0.13170450950206902
ZSN_A,SEX,0.10556376454643662
ZSN_A,INF_ANAM,0.16798188310451465
ZSN_A,STENOK_AN,0.10387122662306157
ZSN_A,FK_STENOK,0.13966640963521332
ZSN_A,IBS_POST,0.09983754243211396
ZSN_A,IBS_NASL,0.12968452466494526
ZSN_A,DLIT_AG,0.08481204975243596
ZSN_A,nr_01,0.13719932576221874
ZSN_A,nr_02,0.08193314513318962
ZSN_A,nr_04,0.22310335742937162
ZSN_A,np_04,0.07395783683225479
ZSN_A,np_07,0.10510692725968904
ZSN_A,np_10,0.13888004123941153
ZSN_A,zab_leg_03,0.08292921867119153
ZSN_A,D_AD_ORIT,0.07814836405547407
ZSN_A,O_L_POST,0.15138784841002972
ZSN_A,K_SH_POST,0.07969759648499637
ZSN_A,MP_TP_POST,0.1414805615823668
ZSN_A,ritm_ecg_p_01,0.16004272047285564
ZSN_A,ritm_ecg_p_02,0.13443349731494203
ZSN_A,ritm_ecg_p_07,0.11745325328608121
ZSN_A,n_r_ecg_p_06,0.18164901238348513
ZSN_A,n_p_ecg_p_03,0.07955313088144361
ZSN_A,n_p_ecg_p_12,0.0822064882899354
ZSN_A,KFK_BLOOD,0.9737289911202953
ZSN_A,NOT_NA_KB,0.0753864292927714
ZSN_A,NITR_S,0.0802308050115279
ZSN_A,GEPAR_S_n,0.07472406145662634
nr_11,STENOK_AN,0.08160492398809163
nr_11,FK_STENOK,0.08557438405779241
nr_11,IBS_NASL,0.12562244381357196
nr_11,MP_TP_POST,0.09522260401372397
nr_11,SVT_POST,0.15500015544734488
nr_11,n_r_ecg_p_05,0.10669371536549975
nr_11,n_r_ecg_p_08,0.154280342526849
nr_11,n_p_ecg_p_10,0.09067504323642908
nr_01,IBS_NASL,0.09192771195538435
nr_01,ZSN_A,0.13719932576221874
nr_01,endocr_01,0.08781234276916018
nr_01,O_L_POST,0.13869123237231318
nr_01,n_p_ecg_p_08,0.21598136908169552
nr_01,K_BLOOD,0.07437941238552265
nr_02,IBS_NASL,0.15321285325897396
nr_02,ZSN_A,0.08193314513318962
nr_02,np_01,0.1595481782041543
nr_02,S_AD_KBRIG,0.07678499380555869
nr_02,GT_POST,0.08042052268500102
nr_02,n_p_ecg_p_03,0.07673341533484541
nr_02,n_p_ecg_p_04,0.1206628508020153
nr_02,fibr_ter_05,0.11024525050666989
nr_03,IBS_NASL,0.15321285325897394
nr_03,MP_TP_POST,0.17904947507623847
nr_03,ritm_ecg_p_01,0.09556905946589281
nr_03,ritm_ecg_p_02,0.16644135764149756
nr_03,n_r_ecg_p_05,0.2216546248315167
nr_04,AGE,0.10577335934580145
nr_04,STENOK_AN,0.0889123460070321
nr_04,ZSN_A,0.22310335742937162
nr_04,np_10,0.10461628557377564
nr_04,MP_TP_POST,0.4706323740061637
nr_04,ritm_ecg_p_01,0.19035679496527846
nr_04,ritm_ecg_p_02,0.5090028881641244
nr_04,n_r_ecg_p_05,0.11620110032504866
nr_04,n_r_ecg_p_06,0.6855221268979511
nr_07,np_05,0.3006110399565219
nr_07,n_p_ecg_p_07,0.09678539218588252
nr_08,IBS_NASL,0.09192771195538434
nr_08,np_04,0.28720979138544306
nr_08,zab_leg_04,0.16372185671818398
nr_08,S_AD_KBRIG,0.09250076983449206
nr_08,D_AD_KBRIG,0.09215546018070392
nr_08,D_AD_ORIT,0.07965793476416207
nr_08,K_SH_POST,0.0758264149412874
nr_08,FIB_G_POST,0.12984312984107907
np_01,nr_02,0.1595481782041543
np_01,n_r_ecg_p_05,0.08011836084301452
np_01,n_p_ecg_p_03,0.12121779019890878
np_01,R_AB_2_n,0.11462197567801924
np_01,NA_R_2_n,0.09139421421451367
np_04,ZSN_A,0.07395783683225479
np_04,nr_08,0.28720979138544306
np_04,endocr_02,0.08466658656654304
np_04,IM_PG_P,0.07832297228120384
np_05,nr_07,0.3006110399565219
np_05,SVT_POST,0.10156087651037864
np_05,FIB_G_POST,0.07370305361746896
np_05,ritm_ecg_p_02,0.0754969074673979
np_05,n_r_ecg_p_02,0.10671166885848914
np_05,n_p_ecg_p_07,0.1109650402467819
np_05,n_p_ecg_p_10,0.09988327649495836
np_05,TIKL_S_n,0.10042990901579447
np_07,ZSN_A,0.10510692725968904
np_07,n_p_ecg_p_10,0.1722910515816366
np_08,n_p_ecg_p_10,0.3069391378947333
np_09,IM_PG_P,0.0988238173625745
np_09,n_r_ecg_p_01,0.087670456764813
np_09,n_p_ecg_p_12,0.15619421753712898
np_09,R_AB_2_n,0.07250456993571405
np_10,ZSN_A,0.13888004123941153
np_10,nr_04,0.10461628557377564
np_10,K_SH_POST,0.08967629151358048
np_10,n_r_ecg_p_06,0.09689902667339884
endocr_01,AGE,0.14006425104185338
endocr_01,SEX,0.26252000772076467
endocr_01,INF_ANAM,0.10331204197676401
endocr_01,STENOK_AN,0.10215788183657845
endocr_01,FK_STENOK,0.12044918071987093
endocr_01,IBS_POST,0.0897565469364379
endocr_01,GB,0.10849038424061598
endocr_01,SIM_GIPERT,0.07996670554116835
endocr_01,DLIT_AG,0.19321979725932298
endocr_01,nr_01,0.08781234276916018
endocr_01,S_AD_ORIT,0.08703577095698972
endocr_01,ritm_ecg_p_01,0.08110457345169679
endocr_01,ritm_ecg_p_07,0.08659293255907789
endocr_01,fibr_ter_03,0.07998055334853524
endocr_01,KFK_BLOOD,0.12171612389003682
endocr_01,ROE,0.12615215233032148
endocr_01,NITR_S,0.08601026095128946
endocr_01,NA_R_3_n,0.09348463570537542
endocr_01,LID_S_n,0.07622467587167242
endocr_01,B_BLOK_S_n,0.08331572183928042
endocr_02,SEX,0.10534549846395887
endocr_02,SIM_GIPERT,0.09642378250269151
endocr_02,DLIT_AG,0.09822244252580364
endocr_02,np_04,0.08466658656654304
endocr_02,ritm_ecg_p_06,0.16025695902241346
endocr_02,n_p_ecg_p_01,0.11058431742973499
endocr_02,KFK_BLOOD,0.9737289911202953
endocr_03,SEX,0.10047984974553205
zab_leg_01,zab_leg_02,0.0813384244800719
zab_leg_01,n_r_ecg_p_03,0.09684687387477722
zab_leg_01,KFK_BLOOD,0.12171612389003682
zab_leg_02,AGE,0.08686946893121862
zab_leg_02,STENOK_AN,0.07997823319384798
zab_leg_02,FK_STENOK,0.07220508851168038
zab_leg_02,zab_leg_01,0.0813384244800719
zab_leg_02,S_AD_ORIT,0.10966639444578216
zab_leg_02,D_AD_ORIT,0.13335032632116647
zab_leg_02,n_p_ecg_p_06,0.0825313193599431
zab_leg_02,KFK_BLOOD,0.3651483716701108
zab_leg_02,NITR_S,0.07357096574357436
zab_leg_02,NA_R_2_n,0.07380662680572718
zab_leg_02,NA_R_3_n,0.0792247046142279
zab_leg_03,AGE,0.07703499845108804
zab_leg_03,ZSN_A,0.08292921867119153
zab_leg_03,MP_TP_POST,0.10541383730225046
zab_leg_03,ritm_ecg_p_02,0.08854067129563328
zab_leg_03,n_r_ecg_p_05,0.11509990525721364
zab_leg_03,n_r_ecg_p_08,0.07798472430670132
zab_leg_04,IBS_NASL,0.09192771195538434
zab_leg_04,nr_08,0.16372185671818398
zab_leg_04,S_AD_KBRIG,0.07466625956141212
zab_leg_04,n_p_ecg_p_04,0.15474340620054058
zab_leg_04,n_p_ecg_p_10,0.11231488837672574
zab_leg_04,K_BLOOD,0.07314065888960512
zab_leg_06,n_p_ecg_p_08,0.07546551976645051
S_AD_KBRIG,AGE,0.09565803991944549
S_AD_KBRIG,SEX,0.13299728622235615
S_AD_KBRIG,IBS_NASL,0.10799640917909124
S_AD_KBRIG,GB,0.28906216684024916
S_AD_KBRIG,DLIT_AG,0.31121720512479706
S_AD_KBRIG,nr_02,0.07678499380555869
S_AD_KBRIG,nr_08,0.09250076983449206
S_AD_KBRIG,zab_leg_04,0.07466625956141212
S_AD_KBRIG,D_AD_KBRIG,0.8441439684041745
S_AD_KBRIG,S_AD_ORIT,0.611364727936855
S_AD_KBRIG,D_AD_ORIT,0.5555008545642365
S_AD_KBRIG,K_SH_POST,0.3875644115065266
S_AD_KBRIG,MP_TP_POST,0.09112921759246552
S_AD_KBRIG,GT_POST,0.09999426237394157
S_AD_KBRIG,IM_PG_P,0.12313649535222453
S_AD_KBRIG,ritm_ecg_p_01,0.15191601158060686
S_AD_KBRIG,ritm_ecg_p_02,0.14017613461086711
S_AD_KBRIG,n_r_ecg_p_05,0.10362423495037446
S_AD_KBRIG,n_p_ecg_p_05,0.09146909806984596
S_AD_KBRIG,n_p_ecg_p_06,0.0966602566025049
S_AD_KBRIG,n_p_ecg_p_12,0.14403440563735645
S_AD_KBRIG,fibr_ter_02,0.08573097182690441
S_AD_KBRIG,fibr_ter_03,0.08907085038686252
S_AD_KBRIG,fibr_ter_06,0.08704066110349876
S_AD_KBRIG,AST_BLOOD,0.08325236671230632
S_AD_KBRIG,L_BLOOD,0.17272275975902696
S_AD_KBRIG,TIME_B_S,0.09775133349878522
S_AD_KBRIG,NOT_NA_KB,0.13992965294571008
S_AD_KBRIG,NA_R_3_n,0.08631618936205161
S_AD_KBRIG,NOT_NA_1_n,0.10852914519783598
S_AD_KBRIG,ANT_CA_S_n,0.18250620179718946
S_AD_KBRIG,ASP_S_n,0.17534861686047715
D_AD_KBRIG,IBS_NASL,0.30952754116763825
D_AD_KBRIG,GB,0.23025872273913545
D_AD_KBRIG,DLIT_AG,0.23889025041456816
D_AD_KBRIG,nr_08,0.09215546018070392
D_AD_KBRIG,S_AD_KBRIG,0.8441439684041745
D_AD_KBRIG,S_AD_ORIT,0.5430475199056635
D_AD_KBRIG,D_AD_ORIT,0.5559600310828934
D_AD_KBRIG,K_SH_POST,0.5017883098984762
D_AD_KBRIG,MP_TP_POST,0.07502195221794535
D_AD_KBRIG,GT_POST,0.14301436635395273
D_AD_KBRIG,IM_PG_P,0.1465474028655572
D_AD_KBRIG,ritm_ecg_p_01,0.16193048936926593
D_AD_KBRIG,ritm_ecg_p_02,0.13729480520272333
D_AD_KBRIG,n_r_ecg_p_05,0.11405496799772816
D_AD_KBRIG,n_r_ecg_p_06,0.0738622143287286
D_AD_KBRIG,n_p_ecg_p_05,0.1716195061802639
D_AD_KBRIG,n_p_ecg_p_06,0.11815126649201595
D_AD_KBRIG,n_p_ecg_p_12,0.12047183877270566
D_AD_KBRIG,fibr_ter_03,0.07794942194120447
D_AD_KBRIG,fibr_ter_06,0.1109078954071401
D_AD_KBRIG,L_BLOOD,0.12589976876781767
D_AD_KBRIG,TIME_B_S,0.08103579480361886
D_AD_KBRIG,NOT_NA_KB,0.17194960342248122
D_AD_KBRIG,LID_KB,0.07328112350861526
D_AD_KBRIG,NOT_NA_1_n,0.09075501571882334
D_AD_KBRIG,ANT_CA_S_n,0.20562834004165503
D_AD_KBRIG,ASP_S_n,0.19522813525503854
S_AD_ORIT,SEX,0.09692753761895267
S_AD_ORIT,INF_ANAM,0.08771708981300447
S_AD_ORIT,IBS_NASL,0.39198872003804097
S_AD_ORIT,GB,0.2906979672900415
S_AD_ORIT,SIM_GIPERT,0.0912709789290141
S_AD_ORIT,DLIT_AG,0.3329757762119063
S_AD_ORIT,endocr_01,0.08703577095698972
S_AD_ORIT,zab_leg_02,0.10966639444578216
S_AD_ORIT,S_AD_KBRIG,0.611364727936855
S_AD_ORIT,D_AD_KBRIG,0.5430475199056635
S_AD_ORIT,D_AD_ORIT,0.8612659405801618
S_AD_ORIT,O_L_POST,0.08007067359523815
S_AD_ORIT,K_SH_POST,0.44830049486780676
S_AD_ORIT,GT_POST,0.09337145409737821
S_AD_ORIT,FIB_G_POST,0.1259601304801017
S_AD_ORIT,inf_im,0.07247309447990868
S_AD_ORIT,IM_PG_P,0.0948791561374946
S_AD_ORIT,ritm_ecg_p_01,0.1175497030323142
S_AD_ORIT,ritm_ecg_p_04,0.14048215768318503
S_AD_ORIT,n_p_ecg_p_06,0.17882310489071
S_AD_ORIT,n_p_ecg_p_12,0.0985632785612275
S_AD_ORIT,fibr_ter_06,0.0751892159289989
S_AD_ORIT,ALT_BLOOD,0.10270877865415393
S_AD_ORIT,AST_BLOOD,0.10323106986779962
S_AD_ORIT,KFK_BLOOD,0.9999999999999994
S_AD_ORIT,L_BLOOD,0.14403993387555583
S_AD_ORIT,TIME_B_S,0.11862339595046326
S_AD_ORIT,B_BLOK_S_n,0.1085061933880086
S_AD_ORIT,ANT_CA_S_n,0.20107791308961306
S_AD_ORIT,ASP_S_n,0.17137362872624515
D_AD_ORIT,INF_ANAM,0.09845795327154881
D_AD_ORIT,IBS_NASL,0.32978377810868414
D_AD_ORIT,GB,0.24070132703346228
D_AD_ORIT,DLIT_AG,0.2552736154971758
D_AD_ORIT,ZSN_A,0.07814836405547407
D_AD_ORIT,nr_08,0.07965793476416207
D_AD_ORIT,zab_leg_02,0.13335032632116647
D_AD_ORIT,S_AD_KBRIG,0.5555008545642365
D_AD_ORIT,D_AD_KBRIG,0.5559600310828934
D_AD_ORIT,S_AD_ORIT,0.8612659405801618
D_AD_ORIT,O_L_POST,0.08511810748373141
D_AD_ORIT,K_SH_POST,0.5399247105401223
D_AD_ORIT,GT_POST,0.10344753712616753
D_AD_ORIT,FIB_G_POST,0.10579280065335356
D_AD_ORIT,inf_im,0.08668514164255167
D_AD_ORIT,IM_PG_P,0.09336286777429176
D_AD_ORIT,ritm_ecg_p_01,0.10771953144851007
D_AD_ORIT,ritm_ecg_p_04,0.17148806342492937
D_AD_ORIT,n_p_ecg_p_06,0.2095382212274368
D_AD_ORIT,n_p_ecg_p_12,0.09346392013664251
D_AD_ORIT,fibr_ter_06,0.07377723580934054
D_AD_ORIT,AST_BLOOD,0.07566098428852062
D_AD_ORIT,KFK_BLOOD,0.9999999999999994
D_AD_ORIT,L_BLOOD,0.15575176848205866
D_AD_ORIT,TIME_B_S,0.14214059969447196
D_AD_ORIT,B_BLOK_S_n,0.12902484067644882
D_AD_ORIT,ANT_CA_S_n,0.1981389663382244
D_AD_ORIT,ASP_S_n,0.20935742894621825
O_L_POST,AGE,0.08356822000452294
O_L_POST,SEX,0.08905637175359017
O_L_POST,INF_ANAM,0.11232389722354776
O_L_POST,FK_STENOK,0.0729714039741764
O_L_POST,IBS_NASL,0.13336626734231613
O_L_POST,GB,0.07267755040610964
O_L_POST,DLIT_AG,0.07284937768499755
O_L_POST,ZSN_A,0.15138784841002972
O_L_POST,nr_01,0.13869123237231318
O_L_POST,S_AD_ORIT,0.08007067359523815
O_L_POST,D_AD_ORIT,0.08511810748373141
O_L_POST,K_SH_POST,0.13264600881418107
O_L_POST,SVT_POST,0.12157284234847036
O_L_POST,ritm_ecg_p_01,0.15117394545637985
O_L_POST,ritm_ecg_p_07,0.17539815575451548
O_L_POST,n_r_ecg_p_08,0.08870392524528202
O_L_POST,n_p_ecg_p_08,0.09815207883437395
O_L_POST,n_p_ecg_p_09,0.07585509462317946
O_L_POST,L_BLOOD,0.11749940107758115
O_L_POST,R_AB_2_n,0.08018079929333717
O_L_POST,NITR_S,0.29682140459665746
O_L_POST,NA_R_2_n,0.11075352028217433
K_SH_POST,INF_ANAM,0.08348909448288028
K_SH_POST,ZSN_A,0.07969759648499637
K_SH_POST,nr_08,0.0758264149412874
K_SH_POST,np_10,0.08967629151358048
K_SH_POST,S_AD_KBRIG,0.3875644115065266
K_SH_POST,D_AD_KBRIG,0.5017883098984762
K_SH_POST,S_AD_ORIT,0.44830049486780676
K_SH_POST,D_AD_ORIT,0.5399247105401223
K_SH_POST,O_L_POST,0.13264600881418107
K_SH_POST,GT_POST,0.10242396210180585
K_SH_POST,ritm_ecg_p_01,0.16770910199560357
K_SH_POST,ritm_ecg_p_04,0.14353800970372033
K_SH_POST,ritm_ecg_p_07,0.11141453236155101
K_SH_POST,n_p_ecg_p_05,0.10213939529907894
K_SH_POST,n_p_ecg_p_06,0.16340913359048054
K_SH_POST,n_p_ecg_p_12,0.08556850186924382
K_SH_POST,fibr_ter_03,0.07807549060910757
K_SH_POST,L_BLOOD,0.08464459984765806
K_SH_POST,TIME_B_S,0.0968609103691703
K_SH_POST,ANT_CA_S_n,0.16902374660785904
K_SH_POST,GEPAR_S_n,0.11275984341233372
K_SH_POST,ASP_S_n,0.2207886444864235
MP_TP_POST,AGE,0.13346655652887046
MP_TP_POST,SEX,0.07591605460718541
MP_TP_POST,IBS_NASL,0.15257923607235446
MP_TP_POST,ZSN_A,0.1414805615823668
MP_TP_POST,nr_11,0.09522260401372397
MP_TP_POST,nr_03,0.17904947507623847
MP_TP_POST,nr_04,0.4706323740061637
MP_TP_POST,zab_leg_03,0.10541383730225046
MP_TP_POST,S_AD_KBRIG,0.09112921759246552
MP_TP_POST,D_AD_KBRIG,0.07502195221794535
MP_TP_POST,FIB_G_POST,0.10026670011073224
MP_TP_POST,inf_im,0.07403275209359196
MP_TP_POST,ritm_ecg_p_01,0.3328179855878742
MP_TP_POST,ritm_ecg_p_02,0.8456950630339481
MP_TP_POST,ritm_ecg_p_07,0.07939292310983602
MP_TP_POST,n_r_ecg_p_03,0.07974614369252998
MP_TP_POST,n_r_ecg_p_05,0.5969615355522121
MP_TP_POST,n_r_ecg_p_06,0.49351948527311307
MP_TP_POST,n_p_ecg_p_10,0.09957430512470616
MP_TP_POST,KFK_BLOOD,0.3651483716701108
MP_TP_POST,NITR_S,0.07450280691715386
SVT_POST,nr_11,0.15500015544734488
SVT_POST,np_05,0.10156087651037864
SVT_POST,O_L_POST,0.12157284234847036
SVT_POST,ritm_ecg_p_04,0.08030070751480693
SVT_POST,n_r_ecg_p_02,0.12949596399305793
SVT_POST,n_r_ecg_p_08,0.5655622620267294
SVT_POST,n_p_ecg_p_03,0.12568814609386272
GT_POST,nr_02,0.08042052268500102
GT_POST,S_AD_KBRIG,0.09999426237394157
GT_POST,D_AD_KBRIG,0.14301436635395273
GT_POST,S_AD_ORIT,0.09337145409737821
GT_POST,D_AD_ORIT,0.10344753712616753
GT_POST,K_SH_POST,0.10242396210180585
GT_POST,FIB_G_POST,0.08537934603265168
GT_POST,n_r_ecg_p_05,0.0866878596229191
GT_POST,n_r_ecg_p_09,0.28720534755292015
FIB_G_POST,IBS_NASL,0.09362816758985389
FIB_G_POST,DLIT_AG,0.09129003996092573
FIB_G_POST,nr_08,0.12984312984107907
FIB_G_POST,np_05,0.07370305361746896
FIB_G_POST,S_AD_ORIT,0.1259601304801017
FIB_G_POST,D_AD_ORIT,0.10579280065335356
FIB_G_POST,MP_TP_POST,0.10026670011073224
FIB_G_POST,GT_POST,0.08537934603265168
FIB_G_POST,n_r_ecg_p_05,0.07804931263935047
FIB_G_POST,n_p_ecg_p_03,0.13020145236147032
FIB_G_POST,fibr_ter_06,0.07971219143807833
FIB_G_POST,LID_KB,0.10514804090077376
FIB_G_POST,NITR_S,0.08411796360792316
ant_im,INF_ANAM,0.09134647600111076
ant_im,STENOK_AN,0.0735270645399492
ant_im,lat_im,0.560580173953938
ant_im,inf_im,0.5606244815486715
ant_im,post_im,0.323392780011673
ant_im,ritm_ecg_p_07,0.1398956079213377
ant_im,ritm_ecg_p_08,0.07674405421401492
ant_im,n_r_ecg_p_04,0.09734822562193389
ant_im,n_p_ecg_p_06,0.07980125781895785
ant_im,n_p_ecg_p_07,0.1477418012243882
ant_im,fibr_ter_02,0.07987516637087695
ant_im,AST_BLOOD,0.07577854968839723
ant_im,KFK_BLOOD,0.5904099236933968
ant_im,L_BLOOD,0.09096073662523213
ant_im,R_AB_1_n,0.08679115901350233
ant_im,LID_KB,0.11127789654804775
ant_im,NA_R_1_n,0.10525502134469973
ant_im,NA_R_2_n,0.07701171839204136
ant_im,NOT_NA_1_n,0.09380044761496059
ant_im,LID_S_n,0.13811971980185003
ant_im,B_BLOK_S_n,0.08432797769883162
lat_im,AGE,0.08213711981148526
lat_im,INF_ANAM,0.09257572443762323
lat_im,STENOK_AN,0.08065365670320064
lat_im,FK_STENOK,0.07899090504517232
lat_im,ant_im,0.560580173953938
lat_im,inf_im,0.41777594673205626
lat_im,post_im,0.16495308329977545
lat_im,ritm_ecg_p_07,0.13466871636060876
lat_im,n_p_ecg_p_06,0.08678769605013746
lat_im,n_p_ecg_p_07,0.10357373524927307
lat_im,n_p_ecg_p_12,0.08594026491350762
lat_im,AST_BLOOD,0.10390845779403209
lat_im,KFK_BLOOD,0.4868644955601477
lat_im,L_BLOOD,0.08324949704313656
lat_im,R_AB_1_n,0.09949220672765037
lat_im,NA_R_1_n,0.09115056522573399
lat_im,NOT_NA_1_n,0.07984506053862865
lat_im,LID_S_n,0.08198643515842438
lat_im,B_BLOK_S_n,0.10570597207691533
inf_im,S_AD_ORIT,0.07247309447990868
inf_im,D_AD_ORIT,0.08668514164255167
inf_im,MP_TP_POST,0.07403275209359196
inf_im,ant_im,0.5606244815486715
inf_im,lat_im,0.41777594673205626
inf_im,post_im,0.3143477038112993
inf_im,IM_PG_P,0.1449151380999647
inf_im,ritm_ecg_p_02,0.09670765050071393
inf_im,ritm_ecg_p_04,0.12472355603395241
inf_im,ritm_ecg_p_07,0.10190431853176368
inf_im,ritm_ecg_p_08,0.09473366466046598
inf_im,n_r_ecg_p_01,0.10328906012149115
inf_im,n_p_ecg_p_03,0.08598243251300494
inf_im,n_p_ecg_p_06,0.15240571541656886
inf_im,n_p_ecg_p_07,0.0904911207284167
inf_im,KFK_BLOOD,0.9737289911202953
inf_im,TIME_B_S,0.09183645245348679
inf_im,NA_KB,0.10719271294802096
inf_im,B_BLOK_S_n,0.1405396080530944
post_im,INF_ANAM,0.07929739382915905
post_im,ant_im,0.323392780011673
post_im,lat_im,0.16495308329977545
post_im,inf_im,0.3143477038112993
post_im,n_r_ecg_p_01,0.07445769252465158
post_im,n_p_ecg_p_11,0.12809843787293937
post_im,fibr_ter_03,0.10559094194327565
post_im,NA_KB,0.10425731008727104
post_im,NOT_NA_KB,0.0845622372802588
post_im,LID_S_n,0.07660714364889254
post_im,B_BLOK_S_n,0.11274019113273066
post_im,TRENT_S_n,0.08216503560732125
IM_PG_P,IBS_NASL,0.09192771195538434
IM_PG_P,np_04,0.07832297228120384
IM_PG_P,np_09,0.0988238173625745
IM_PG_P,S_AD_KBRIG,0.12313649535222453
IM_PG_P,D_AD_KBRIG,0.1465474028655572
IM_PG_P,S_AD_ORIT,0.0948791561374946
IM_PG_P,D_AD_ORIT,0.09336286777429176
IM_PG_P,inf_im,0.1449151380999647
IM_PG_P,ritm_ecg_p_04,0.10123430490616118
IM_PG_P,ritm_ecg_p_06,0.14212662818410346
IM_PG_P,n_r_ecg_p_10,0.09632706814286618
IM_PG_P,n_p_ecg_p_06,0.11731892255104678
IM_PG_P,L_BLOOD,0.07855727377903442
IM_PG_P,NITR_S,0.07953732392056356
IM_PG_P,NA_R_1_n,0.08867857375506107
ritm_ecg_p_01,AGE,0.13282323024442372
ritm_ecg_p_01,SEX,0.11165634572524238
ritm_ecg_p_01,FK_STENOK,0.07601756642428911
ritm_ecg_p_01,IBS_NASL,0.1316620889260738
ritm_ecg_p_01,GB,0.08004577368954753
ritm_ecg_p_01,DLIT_AG,0.11363342777879999
ritm_ecg_p_01,ZSN_A,0.16004272047285564
ritm_ecg_p_01,nr_03,0.09556905946589281
ritm_ecg_p_01,nr_04,0.19035679496527846
ritm_ecg_p_01,endocr_01,0.08110457345169679
ritm_ecg_p_01,S_AD_KBRIG,0.15191601158060686
ritm_ecg_p_01,D_AD_KBRIG,0.16193048936926593
ritm_ecg_p_01,S_AD_ORIT,0.1175497030323142
ritm_ecg_p_01,D_AD_ORIT,0.10771953144851007
ritm_ecg_p_01,O_L_POST,0.15117394545637985
ritm_ecg_p_01,K_SH_POST,0.16770910199560357
ritm_ecg_p_01,MP_TP_POST,0.3328179855878742
ritm_ecg_p_01,ritm_ecg_p_02,0.3600418660714396
ritm_ecg_p_01,ritm_ecg_p_04,0.17292309684519822
ritm_ecg_p_01,ritm_ecg_p_07,0.7652924142188313
ritm_ecg_p_01,ritm_ecg_p_08,0.24641546349938515
ritm_ecg_p_01,n_r_ecg_p_05,0.25206557437043736
ritm_ecg_p_01,n_r_ecg_p_06,0.20530670262971393
ritm_ecg_p_01,n_p_ecg_p_06,0.1667948248573662
ritm_ecg_p_01,n_p_ecg_p_10,0.11803923566321181
ritm_ecg_p_01,KFK_BLOOD,0.6404640308067907
ritm_ecg_p_01,L_BLOOD,0.11378191874613058
ritm_ecg_p_01,ROE,0.08345083963136592
ritm_ecg_p_01,NITR_S,0.13366562833108295
ritm_ecg_p_02,AGE,0.13797042184890684
ritm_ecg_p_02,SEX,0.07344490031669865
ritm_ecg_p_02,IBS_NASL,0.09882117688026187
ritm_ecg_p_02,ZSN_A,0.13443349731494203
ritm_ecg_p_02,nr_03,0.16644135764149756
ritm_ecg_p_02,nr_04,0.5090028881641244
ritm_ecg_p_02,np_05,0.0754969074673979
ritm_ecg_p_02,zab_leg_03,0.08854067129563328
ritm_ecg_p_02,S_AD_KBRIG,0.14017613461086711
ritm_ecg_p_02,D_AD_KBRIG,0.13729480520272333
ritm_ecg_p_02,MP_TP_POST,0.8456950630339481
ritm_ecg_p_02,inf_im,0.09670765050071393
ritm_ecg_p_02,ritm_ecg_p_01,0.3600418660714396
ritm_ecg_p_02,ritm_ecg_p_07,0.13897362810693933
ritm_ecg_p_02,n_r_ecg_p_03,0.08024309542483206
ritm_ecg_p_02,n_r_ecg_p_05,0.6397100814551602
ritm_ecg_p_02,n_r_ecg_p_06,0.5523507618599798
ritm_ecg_p_02,n_r_ecg_p_10,0.09998344096693407
ritm_ecg_p_02,n_p_ecg_p_10,0.07624254992341052
ritm_ecg_p_02,KFK_BLOOD,0.6404640308067907
ritm_ecg_p_04,S_AD_ORIT,0.14048215768318503
ritm_ecg_p_04,D_AD_ORIT,0.17148806342492937
ritm_ecg_p_04,K_SH_POST,0.14353800970372033
ritm_ecg_p_04,SVT_POST,0.08030070751480693
ritm_ecg_p_04,inf_im,0.12472355603395241
ritm_ecg_p_04,IM_PG_P,0.10123430490616118
ritm_ecg_p_04,ritm_ecg_p_01,0.17292309684519822
ritm_ecg_p_04,n_r_ecg_p_08,0.11879100596138185
ritm_ecg_p_04,n_p_ecg_p_06,0.6770057912691977
ritm_ecg_p_04,ANT_CA_S_n,0.09523823534025029
ritm_ecg_p_04,ASP_S_n,0.07650587491874221
ritm_ecg_p_06,endocr_02,0.16025695902241346
ritm_ecg_p_06,IM_PG_P,0.14212662818410346
ritm_ecg_p_06,n_p_ecg_p_06,0.19082072067045236
ritm_ecg_p_06,L_BLOOD,0.09702871566477982
ritm_ecg_p_07,SEX,0.10503588286990695
ritm_ecg_p_07,INF_ANAM,0.07576743107992936
ritm_ecg_p_07,IBS_POST,0.08095234252131427
ritm_ecg_p_07,IBS_NASL,0.13381609033201514
ritm_ecg_p_07,GB,0.07760705785559655
ritm_ecg_p_07,DLIT_AG,0.10597517265812968
ritm_ecg_p_07,ZSN_A,0.11745325328608121
ritm_ecg_p_07,endocr_01,0.08659293255907789
ritm_ecg_p_07,O_L_POST,0.17539815575451548
ritm_ecg_p_07,K_SH_POST,0.11141453236155101
ritm_ecg_p_07,MP_TP_POST,0.07939292310983602
ritm_ecg_p_07,ant_im,0.1398956079213377
ritm_ecg_p_07,lat_im,0.13466871636060876
ritm_ecg_p_07,inf_im,0.10190431853176368
ritm_ecg_p_07,ritm_ecg_p_01,0.7652924142188313
ritm_ecg_p_07,ritm_ecg_p_02,0.13897362810693933
ritm_ecg_p_07,ritm_ecg_p_08,0.09511463585561918
ritm_ecg_p_07,n_r_ecg_p_06,0.07911488624822473
ritm_ecg_p_07,n_p_ecg_p_06,0.07255172327698971
ritm_ecg_p_07,n_p_ecg_p_07,0.08563581155068638
ritm_ecg_p_07,n_p_ecg_p_10,0.07261094584820212
ritm_ecg_p_07,L_BLOOD,0.08232985892194204
ritm_ecg_p_07,ROE,0.09559335496618698
ritm_ecg_p_07,NITR_S,0.11681156791816963
ritm_ecg_p_08,ant_im,0.07674405421401492
ritm_ecg_p_08,inf_im,0.09473366466046598
ritm_ecg_p_08,ritm_ecg_p_01,0.24641546349938515
ritm_ecg_p_08,ritm_ecg_p_07,0.09511463585561918
n_r_ecg_p_01,AGE,0.10030850721290219
n_r_ecg_p_01,IBS_NASL,0.09685485552825747
n_r_ecg_p_01,np_09,0.087670456764813
n_r_ecg_p_01,inf_im,0.10328906012149115
n_r_ecg_p_01,post_im,0.07445769252465158
n_r_ecg_p_01,n_r_ecg_p_03,0.07490533017403894
n_r_ecg_p_01,n_p_ecg_p_01,0.08772033113456855
n_r_ecg_p_01,n_p_ecg_p_05,0.08772033113456863
n_r_ecg_p_02,np_05,0.10671166885848914
n_r_ecg_p_02,SVT_POST,0.12949596399305793
n_r_ecg_p_03,FK_STENOK,0.08414738846375906
n_r_ecg_p_03,zab_leg_01,0.09684687387477722
n_r_ecg_p_03,MP_TP_POST,0.07974614369252998
n_r_ecg_p_03,ritm_ecg_p_02,0.08024309542483206
n_r_ecg_p_03,n_r_ecg_p_01,0.07490533017403894
n_r_ecg_p_03,n_r_ecg_p_04,0.0819960986257032
n_r_ecg_p_03,n_r_ecg_p_05,0.08261538822115563
n_r_ecg_p_03,fibr_ter_01,0.11191915872686423
n_r_ecg_p_03,fibr_ter_06,0.0794376597606948
n_r_ecg_p_03,NA_R_1_n,0.09708960430046554
n_r_ecg_p_03,LID_S_n,0.20148618053474388
n_r_ecg_p_03,TRENT_S_n,0.07784496794441871
n_r_ecg_p_04,IBS_NASL,0.13803940759355823
n_r_ecg_p_04,ant_im,0.09734822562193389
n_r_ecg_p_04,n_r_ecg_p_03,0.0819960986257032
n_r_ecg_p_04,LID_S_n,0.1848320700846619
n_r_ecg_p_05,AGE,0.13021894226679812
n_r_ecg_p_05,SEX,0.1012773570258244
n_r_ecg_p_05,nr_11,0.10669371536549975
n_r_ecg_p_05,nr_03,0.2216546248315167
n_r_ecg_p_05,nr_04,0.11620110032504866
n_r_ecg_p_05,np_01,0.08011836084301452
n_r_ecg_p_05,zab_leg_03,0.11509990525721364
n_r_ecg_p_05,S_AD_KBRIG,0.10362423495037446
n_r_ecg_p_05,D_AD_KBRIG,0.11405496799772816
n_r_ecg_p_05,MP_TP_POST,0.5969615355522121
n_r_ecg_p_05,GT_POST,0.0866878596229191
n_r_ecg_p_05,FIB_G_POST,0.07804931263935047
n_r_ecg_p_05,ritm_ecg_p_01,0.25206557437043736
n_r_ecg_p_05,ritm_ecg_p_02,0.6397100814551602
n_r_ecg_p_05,n_r_ecg_p_03,0.08261538822115563
n_r_ecg_p_05,n_p_ecg_p_08,0.07828715277404523
n_r_ecg_p_06,AGE,0.09033973985535869
n_r_ecg_p_06,STENOK_AN,0.0869684818588465
n_r_ecg_p_06,ZSN_A,0.18164901238348513
n_r_ecg_p_06,nr_04,0.6855221268979511
n_r_ecg_p_06,np_10,0.09689902667339884
n_r_ecg_p_06,D_AD_KBRIG,0.0738622143287286
n_r_ecg_p_06,MP_TP_POST,0.49351948527311307
n_r_ecg_p_06,ritm_ecg_p_01,0.20530670262971393
n_r_ecg_p_06,ritm_ecg_p_02,0.5523507618599798
n_r_ecg_p_06,ritm_ecg_p_07,0.07911488624822473
n_r_ecg_p_06,KFK_BLOOD,0.6404640308067907
n_r_ecg_p_08,nr_11,0.154280342526849
n_r_ecg_p_08,zab_leg_03,0.07798472430670132
n_r_ecg_p_08,O_L_POST,0.08870392524528202
n_r_ecg_p_08,SVT_POST,0.5655622620267294
n_r_ecg_p_08,ritm_ecg_p_04,0.11879100596138185
n_r_ecg_p_08,n_p_ecg_p_03,0.08217903640048997
n_r_ecg_p_09,GT_POST,0.28720534755292015
n_r_ecg_p_10,IM_PG_P,0.09632706814286618
n_r_ecg_p_10,ritm_ecg_p_02,0.09998344096693407
n_r_ecg_p_10,n_p_ecg_p_12,0.07462656424652375
n_r_ecg_p_10,AST_BLOOD,0.07464758979049894
n_p_ecg_p_01,endocr_02,0.11058431742973499
n_p_ecg_p_01,n_r_ecg_p_01,0.08772033113456855
n_p_ecg_p_01,NOT_NA_3_n,0.09270500311021196
n_p_ecg_p_03,AGE,0.0755974175826675
n_p_ecg_p_03,IBS_NASL,0.15884196306634224
n_p_ecg_p_03,ZSN_A,0.07955313088144361
n_p_ecg_p_03,nr_02,0.07673341533484541
n_p_ecg_p_03,np_01,0.12121779019890878
n_p_ecg_p_03,SVT_POST,0.12568814609386272
n_p_ecg_p_03,FIB_G_POST,0.13020145236147032
n_p_ecg_p_03,inf_im,0.08598243251300494
n_p_ecg_p_03,n_r_ecg_p_08,0.08217903640048997
n_p_ecg_p_03,TIME_B_S,0.08173006772711451
n_p_ecg_p_03,ANT_CA_S_n,0.08079980449989402
n_p_ecg_p_04,nr_02,0.1206628508020153
n_p_ecg_p_04,zab_leg_04,0.15474340620054058
n_p_ecg_p_05,S_AD_KBRIG,0.09146909806984596
n_p_ecg_p_05,D_AD_KBRIG,0.1716195061802639
n_p_ecg_p_05,K_SH_POST,0.10213939529907894
n_p_ecg_p_05,n_r_ecg_p_01,0.08772033113456863
n_p_ecg_p_06,zab_leg_02,0.0825313193599431
n_p_ecg_p_06,S_AD_KBRIG,0.0966602566025049
n_p_ecg_p_06,D_AD_KBRIG,0.11815126649201595
n_p_ecg_p_06,S_AD_ORIT,0.17882310489071
n_p_ecg_p_06,D_AD_ORIT,0.2095382212274368
n_p_ecg_p_06,K_SH_POST,0.16340913359048054
n_p_ecg_p_06,ant_im,0.07980125781895785
n_p_ecg_p_06,lat_im,0.08678769605013746
n_p_ecg_p_06,inf_im,0.15240571541656886
n_p_ecg_p_06,IM_PG_P,0.11731892255104678
n_p_ecg_p_06,ritm_ecg_p_01,0.1667948248573662
n_p_ecg_p_06,ritm_ecg_p_04,0.6770057912691977
n_p_ecg_p_06,ritm_ecg_p_06,0.19082072067045236
n_p_ecg_p_06,ritm_ecg_p_07,0.07255172327698971
n_p_ecg_p_06,TIME_B_S,0.07237178551259725
n_p_ecg_p_06,ANT_CA_S_n,0.11541935492426308
n_p_ecg_p_06,ASP_S_n,0.10359701397999851
n_p_ecg_p_07,nr_07,0.09678539218588252
n_p_ecg_p_07,np_05,0.1109650402467819
n_p_ecg_p_07,ant_im,0.1477418012243882
n_p_ecg_p_07,lat_im,0.10357373524927307
n_p_ecg_p_07,inf_im,0.0904911207284167
n_p_ecg_p_07,ritm_ecg_p_07,0.08563581155068638
n_p_ecg_p_08,nr_01,0.21598136908169552
n_p_ecg_p_08,zab_leg_06,0.07546551976645051
n_p_ecg_p_08,O_L_POST,0.09815207883437395
n_p_ecg_p_08,n_r_ecg_p_05,0.07828715277404523
n_p_ecg_p_09,O_L_POST,0.07585509462317946
n_p_ecg_p_10,IBS_NASL,0.15884196306634224
n_p_ecg_p_10,nr_11,0.09067504323642908
n_p_ecg_p_10,np_05,0.09988327649495836
n_p_ecg_p_10,np_07,0.1722910515816366
n_p_ecg_p_10,np_08,0.3069391378947333
n_p_ecg_p_10,zab_leg_04,0.11231488837672574
n_p_ecg_p_10,MP_TP_POST,0.09957430512470616
n_p_ecg_p_10,ritm_ecg_p_01,0.11803923566321181
n_p_ecg_p_10,ritm_ecg_p_02,0.07624254992341052
n_p_ecg_p_10,ritm_ecg_p_07,0.07261094584820212
n_p_ecg_p_10,KFK_BLOOD,0.6404640308067907
n_p_ecg_p_10,NITR_S,0.08448891230654512
n_p_ecg_p_11,IBS_NASL,0.09685485552825747
n_p_ecg_p_11,post_im,0.12809843787293937
n_p_ecg_p_12,IBS_NASL,0.19834087593950492
n_p_ecg_p_12,ZSN_A,0.0822064882899354
n_p_ecg_p_12,np_09,0.15619421753712898
n_p_ecg_p_12,S_AD_KBRIG,0.14403440563735645
n_p_ecg_p_12,D_AD_KBRIG,0.12047183877270566
n_p_ecg_p_12,S_AD_ORIT,0.0985632785612275
n_p_ecg_p_12,D_AD_ORIT,0.09346392013664251
n_p_ecg_p_12,K_SH_POST,0.08556850186924382
n_p_ecg_p_12,lat_im,0.08594026491350762
n_p_ecg_p_12,n_r_ecg_p_10,0.07462656424652375
n_p_ecg_p_12,fibr_ter_08,0.07459564088344946
n_p_ecg_p_12,NA_R_1_n,0.07919023005010861
n_p_ecg_p_12,NOT_NA_3_n,0.08719389905032957
n_p_ecg_p_12,ASP_S_n,0.07848139769386007
fibr_ter_01,n_r_ecg_p_03,0.11191915872686423
fibr_ter_01,B_BLOK_S_n,0.10924555659270387
fibr_ter_02,S_AD_KBRIG,0.08573097182690441
fibr_ter_02,ant_im,0.07987516637087695
fibr_ter_02,LID_S_n,0.07434957715600571
fibr_ter_03,AGE,0.1709299367463717
fibr_ter_03,SEX,0.10868158580285564
fibr_ter_03,STENOK_AN,0.08754363657075419
fibr_ter_03,FK_STENOK,0.08626898505719856
fibr_ter_03,IBS_POST,0.10644675316675983
fibr_ter_03,GB,0.09623734132170873
fibr_ter_03,DLIT_AG,0.09253904819394783
fibr_ter_03,endocr_01,0.07998055334853524
fibr_ter_03,S_AD_KBRIG,0.08907085038686252
fibr_ter_03,D_AD_KBRIG,0.07794942194120447
fibr_ter_03,K_SH_POST,0.07807549060910757
fibr_ter_03,post_im,0.10559094194327565
fibr_ter_03,GIPO_K,0.0771725684002281
fibr_ter_03,GIPER_NA,0.0723186569797271
fibr_ter_03,ROE,0.10041345952581117
fibr_ter_03,TIME_B_S,0.09908184133392026
fibr_ter_03,NA_R_1_n,0.0906855591904023
fibr_ter_03,LID_S_n,0.1121600125564586
fibr_ter_03,GEPAR_S_n,0.07452450192793186
fibr_ter_03,TIKL_S_n,0.11024907482678786
fibr_ter_05,nr_02,0.11024525050666989
fibr_ter_05,AST_BLOOD,0.08552462856933081
fibr_ter_05,NA_R_1_n,0.11133216583539869
fibr_ter_05,LID_S_n,0.077696732586821
fibr_ter_06,IBS_NASL,0.09192771195538435
fibr_ter_06,S_AD_KBRIG,0.08704066110349876
fibr_ter_06,D_AD_KBRIG,0.1109078954071401
fibr_ter_06,S_AD_ORIT,0.0751892159289989
fibr_ter_06,D_AD_ORIT,0.07377723580934054
fibr_ter_06,FIB_G_POST,0.07971219143807833
fibr_ter_06,n_r_ecg_p_03,0.0794376597606948
fibr_ter_06,R_AB_2_n,0.08123392464649645
fibr_ter_06,NA_R_1_n,0.14361517619994776
fibr_ter_06,NA_R_2_n,0.10618568429656673
fibr_ter_07,IBS_NASL,0.1532128532589739
fibr_ter_07,NOT_NA_3_n,0.08199977678268099
fibr_ter_08,n_p_ecg_p_12,0.07459564088344946
GIPO_K,IBS_NASL,0.25184186820745535
GIPO_K,fibr_ter_03,0.0771725684002281
GIPO_K,K_BLOOD,0.7159237474957532
GIPO_K,GIPER_NA,0.11448889762391858
GIPO_K,NA_BLOOD,0.29842837333653305
GIPO_K,TIME_B_S,0.11660605761875009
GIPO_K,NA_KB,0.13634115679185488
GIPO_K,NITR_S,0.086993068387873
GIPO_K,LID_S_n,0.09831128750504113
K_BLOOD,nr_01,0.07437941238552265
K_BLOOD,zab_leg_04,0.07314065888960512
K_BLOOD,GIPO_K,0.7159237474957532
K_BLOOD,GIPER_NA,0.15592715732077655
K_BLOOD,NA_BLOOD,0.3004296055340499
K_BLOOD,KFK_BLOOD,0.18898223650461382
K_BLOOD,TIME_B_S,0.0974465420766379
K_BLOOD,NA_KB,0.13237225290236057
K_BLOOD,NA_R_1_n,0.09966408544409656
K_BLOOD,LID_S_n,0.07882185772492109
GIPER_NA,STENOK_AN,0.08770983207780426
GIPER_NA,FK_STENOK,0.09666170677023561
GIPER_NA,fibr_ter_03,0.0723186569797271
GIPER_NA,GIPO_K,0.11448889762391858
GIPER_NA,K_BLOOD,0.15592715732077655
GIPER_NA,NA_BLOOD,0.4072009491887101
NA_BLOOD,IBS_NASL,0.22258712222208826
NA_BLOOD,GIPO_K,0.29842837333653305
NA_BLOOD,K_BLOOD,0.3004296055340499
NA_BLOOD,GIPER_NA,0.4072009491887101
NA_BLOOD,KFK_BLOOD,0.25846154185069803
NA_BLOOD,NA_KB,0.11467596225737657
NA_BLOOD,LID_KB,0.07696299603079076
NA_BLOOD,NA_R_1_n,0.09279215065300467
NA_BLOOD,LID_S_n,0.14741200208835695
NA_BLOOD,TIKL_S_n,0.0917953681761243
ALT_BLOOD,AGE,0.10468840332263958
ALT_BLOOD,IBS_NASL,0.08693876113034113
ALT_BLOOD,DLIT_AG,0.09556040646247668
ALT_BLOOD,S_AD_ORIT,0.10270877865415393
ALT_BLOOD,AST_BLOOD,0.5194490805483056
ALT_BLOOD,KFK_BLOOD,0.30488703435447084
ALT_BLOOD,B_BLOK_S_n,0.10200267473726461
AST_BLOOD,IBS_NASL,0.2901213834976941
AST_BLOOD,S_AD_KBRIG,0.08325236671230632
AST_BLOOD,S_AD_ORIT,0.10323106986779962
AST_BLOOD,D_AD_ORIT,0.07566098428852062
AST_BLOOD,ant_im,0.07577854968839723
AST_BLOOD,lat_im,0.10390845779403209
AST_BLOOD,n_r_ecg_p_10,0.07464758979049894
AST_BLOOD,fibr_ter_05,0.08552462856933081
AST_BLOOD,ALT_BLOOD,0.5194490805483056
AST_BLOOD,L_BLOOD,0.07766024343560415
AST_BLOOD,NOT_NA_3_n,0.09830233876779848
AST_BLOOD,ANT_CA_S_n,0.08195454436847424
KFK_BLOOD,AGE,0.6362646570057516
KFK_BLOOD,SEX,0.737864787372622
KFK_BLOOD,INF_ANAM,0.4216370213557839
KFK_BLOOD,STENOK_AN,0.9853292781642929
KFK_BLOOD,FK_STENOK,0.9853292781642932
KFK_BLOOD,IBS_POST,0.3651483716701108
KFK_BLOOD,DLIT_AG,0.27735009811261446
KFK_BLOOD,ZSN_A,0.9737289911202953
KFK_BLOOD,endocr_01,0.12171612389003682
KFK_BLOOD,endocr_02,0.9737289911202953
KFK_BLOOD,zab_leg_01,0.12171612389003682
KFK_BLOOD,zab_leg_02,0.3651483716701108
KFK_BLOOD,S_AD_ORIT,0.9999999999999994
KFK_BLOOD,D_AD_ORIT,0.9999999999999994
KFK_BLOOD,MP_TP_POST,0.3651483716701108
KFK_BLOOD,ant_im,0.5904099236933968
KFK_BLOOD,lat_im,0.4868644955601477
KFK_BLOOD,inf_im,0.9737289911202953
KFK_BLOOD,ritm_ecg_p_01,0.6404640308067907
KFK_BLOOD,ritm_ecg_p_02,0.6404640308067907
KFK_BLOOD,n_r_ecg_p_06,0.6404640308067907
KFK_BLOOD,n_p_ecg_p_10,0.6404640308067907
KFK_BLOOD,K_BLOOD,0.18898223650461382
KFK_BLOOD,NA_BLOOD,0.25846154185069803
KFK_BLOOD,ALT_BLOOD,0.30488703435447084
KFK_BLOOD,L_BLOOD,0.9262275967925201
KFK_BLOOD,ROE,0.5900408021045221
KFK_BLOOD,TIME_B_S,0.6708203932499369
KFK_BLOOD,R_AB_1_n,0.3651483716701107
KFK_BLOOD,R_AB_2_n,0.12171612389003682
KFK_BLOOD,R_AB_3_n,0.12171612389003682
KFK_BLOOD,NA_KB,0.9999999999999998
KFK_BLOOD,LID_KB,0.9999999999999998
KFK_BLOOD,NITR_S,0.4216370213557838
KFK_BLOOD,NA_R_1_n,0.7378647873726218
KFK_BLOOD,NA_R_2_n,0.12171612389003682
KFK_BLOOD,LID_S_n,0.5270462766947298
KFK_BLOOD,ANT_CA_S_n,0.4216370213557838
KFK_BLOOD,GEPAR_S_n,0.7378647873726218
KFK_BLOOD,ASP_S_n,0.48686449556014766
L_BLOOD,IBS_POST,0.1001576549193735
L_BLOOD,S_AD_KBRIG,0.17272275975902696
L_BLOOD,D_AD_KBRIG,0.12589976876781767
L_BLOOD,S_AD_ORIT,0.14403993387555583
L_BLOOD,D_AD_ORIT,0.15575176848205866
L_BLOOD,O_L_POST,0.11749940107758115
L_BLOOD,K_SH_POST,0.08464459984765806
L_BLOOD,ant_im,0.09096073662523213
L_BLOOD,lat_im,0.08324949704313656
L_BLOOD,IM_PG_P,0.07855727377903442
L_BLOOD,ritm_ecg_p_01,0.11378191874613058
L_BLOOD,ritm_ecg_p_06,0.09702871566477982
L_BLOOD,ritm_ecg_p_07,0.08232985892194204
L_BLOOD,AST_BLOOD,0.07766024343560415
L_BLOOD,KFK_BLOOD,0.9262275967925201
L_BLOOD,TIME_B_S,0.10639592826371026
L_BLOOD,NA_KB,0.0776904684665466
L_BLOOD,NITR_S,0.10220952833471608
L_BLOOD,NA_R_1_n,0.11519134766893072
ROE,AGE,0.21439279545348533
ROE,SEX,0.21592845121822596
ROE,INF_ANAM,0.07378191001021786
ROE,FK_STENOK,0.07225391211751328
ROE,IBS_POST,0.10022404150118225
ROE,IBS_NASL,0.15932314173741913
ROE,DLIT_AG,0.09965958025173198
ROE,endocr_01,0.12615215233032148
ROE,ritm_ecg_p_01,0.08345083963136592
ROE,ritm_ecg_p_07,0.09559335496618698
ROE,fibr_ter_03,0.10041345952581117
ROE,KFK_BLOOD,0.5900408021045221
ROE,TIME_B_S,0.09651915962143433
ROE,R_AB_3_n,0.09061872893727443
ROE,NA_KB,0.13365683698360215
ROE,LID_KB,0.12164624564287124
ROE,NITR_S,0.07405613103618643
TIME_B_S,IBS_NASL,0.1501905047237462
TIME_B_S,S_AD_KBRIG,0.09775133349878522
TIME_B_S,D_AD_KBRIG,0.08103579480361886
TIME_B_S,S_AD_ORIT,0.11862339595046326
TIME_B_S,D_AD_ORIT,0.14214059969447196
TIME_B_S,K_SH_POST,0.0968609103691703
TIME_B_S,inf_im,0.09183645245348679
TIME_B_S,n_p_ecg_p_03,0.08173006772711451
TIME_B_S,n_p_ecg_p_06,0.07237178551259725
TIME_B_S,fibr_ter_03,0.09908184133392026
TIME_B_S,GIPO_K,0.11660605761875009
TIME_B_S,K_BLOOD,0.0974465420766379
TIME_B_S,KFK_BLOOD,0.6708203932499369
TIME_B_S,L_BLOOD,0.10639592826371026
TIME_B_S,ROE,0.09651915962143433
TIME_B_S,R_AB_1_n,0.10577207208768882
TIME_B_S,NA_KB,0.27106104779095835
TIME_B_S,NOT_NA_KB,0.1270052911637184
TIME_B_S,LID_KB,0.128973931123666
TIME_B_S,NA_R_1_n,0.19659014771407798
TIME_B_S,NOT_NA_1_n,0.07655527701810316
TIME_B_S,LID_S_n,0.16401590386668208
TIME_B_S,B_BLOK_S_n,0.0984134322950886
TIME_B_S,GEPAR_S_n,0.1251501169442543
R_AB_1_n,INF_ANAM,0.07386311135382757
R_AB_1_n,STENOK_AN,0.11045287795092046
R_AB_1_n,FK_STENOK,0.09401215940276393
R_AB_1_n,IBS_POST,0.0738072641655566
R_AB_1_n,IBS_NASL,0.21723492176893439
R_AB_1_n,ant_im,0.08679115901350233
R_AB_1_n,lat_im,0.09949220672765037
R_AB_1_n,KFK_BLOOD,0.3651483716701107
R_AB_1_n,TIME_B_S,0.10577207208768882
R_AB_1_n,R_AB_2_n,0.20035854934853653
R_AB_1_n,R_AB_3_n,0.15306127889404278
R_AB_1_n,NOT_NA_KB,0.15541372076684806
R_AB_1_n,NITR_S,0.09631692617732336
R_AB_1_n,NA_R_1_n,0.5569258808007785
R_AB_1_n,NA_R_2_n,0.22877081203786334
R_AB_1_n,NA_R_3_n,0.1563511004415563
R_AB_1_n,NOT_NA_1_n,0.2919592246569114
R_AB_1_n,NOT_NA_2_n,0.18581295437844622
R_AB_1_n,NOT_NA_3_n,0.09398455957669316
R_AB_2_n,INF_ANAM,0.12260587622313006
R_AB_2_n,STENOK_AN,0.09357321423649793
R_AB_2_n,FK_STENOK,0.11200034453144757
R_AB_2_n,IBS_NASL,0.18885817045805686
R_AB_2_n,np_01,0.11462197567801924
R_AB_2_n,np_09,0.07250456993571405
R_AB_2_n,O_L_POST,0.08018079929333717
R_AB_2_n,fibr_ter_06,0.08123392464649645
R_AB_2_n,KFK_BLOOD,0.12171612389003682
R_AB_2_n,R_AB_1_n,0.20035854934853653
R_AB_2_n,R_AB_3_n,0.2753879053983484
R_AB_2_n,NOT_NA_KB,0.07273425730441975
R_AB_2_n,NITR_S,0.14541385939547016
R_AB_2_n,NA_R_1_n,0.1381821373625776
R_AB_2_n,NA_R_2_n,0.6190305355513314
R_AB_2_n,NA_R_3_n,0.26378977316019325
R_AB_2_n,NOT_NA_1_n,0.07275319890820119
R_AB_2_n,NOT_NA_2_n,0.3666282833044581
R_AB_2_n,NOT_NA_3_n,0.13581158057185033
R_AB_3_n,STENOK_AN,0.12384658103826879
R_AB_3_n,FK_STENOK,0.12193921859236938
R_AB_3_n,IBS_POST,0.09530720352053325
R_AB_3_n,IBS_NASL,0.1119834276789645
R_AB_3_n,KFK_BLOOD,0.12171612389003682
R_AB_3_n,ROE,0.09061872893727443
R_AB_3_n,R_AB_1_n,0.15306127889404278
R_AB_3_n,R_AB_2_n,0.2753879053983484
R_AB_3_n,NITR_S,0.13115642720180293
R_AB_3_n,NA_R_1_n,0.10170443880226647
R_AB_3_n,NA_R_2_n,0.18996141864898072
R_AB_3_n,NA_R_3_n,0.5971399567602095
R_AB_3_n,NOT_NA_2_n,0.11916534394364728
R_AB_3_n,NOT_NA_3_n,0.3425907144842428
NA_KB,IBS_POST,0.10619123256757512
NA_KB,IBS_NASL,0.13402192668680962
NA_KB,inf_im,0.10719271294802096
NA_KB,post_im,0.10425731008727104
NA_KB,GIPO_K,0.13634115679185488
NA_KB,K_BLOOD,0.13237225290236057
NA_KB,NA_BLOOD,0.11467596225737657
NA_KB,KFK_BLOOD,0.9999999999999998
NA_KB,L_BLOOD,0.0776904684665466
NA_KB,ROE,0.13365683698360215
NA_KB,TIME_B_S,0.27106104779095835
NA_KB,NOT_NA_KB,0.07862594412869718
NA_KB,LID_KB,0.2846495701150602
NA_KB,NITR_S,0.08245671217257494
NA_KB,NA_R_1_n,0.14843133831896618
NA_KB,NA_R_2_n,0.07760213955827674
NA_KB,LID_S_n,0.21085273653015782
NA_KB,B_BLOK_S_n,0.12818266310614393
NA_KB,ANT_CA_S_n,0.08309913797443001
NA_KB,GEPAR_S_n,0.14360250453631734
NA_KB,TRENT_S_n,0.07699702846589727
NOT_NA_KB,IBS_NASL,0.14016379317012645
NOT_NA_KB,ZSN_A,0.0753864292927714
NOT_NA_KB,S_AD_KBRIG,0.13992965294571008
NOT_NA_KB,D_AD_KBRIG,0.17194960342248122
NOT_NA_KB,post_im,0.0845622372802588
NOT_NA_KB,TIME_B_S,0.1270052911637184
NOT_NA_KB,R_AB_1_n,0.15541372076684806
NOT_NA_KB,R_AB_2_n,0.07273425730441975
NOT_NA_KB,NA_KB,0.07862594412869718
NOT_NA_KB,LID_KB,0.09953612208592398
NOT_NA_KB,NA_R_1_n,0.10203515639535089
NOT_NA_KB,NA_R_2_n,0.09523193096774649
NOT_NA_KB,NOT_NA_1_n,0.08705958143393257
NOT_NA_KB,LID_S_n,0.08511397227890607
NOT_NA_KB,B_BLOK_S_n,0.09023664787907759
NOT_NA_KB,GEPAR_S_n,0.08429427024691151
LID_KB,IBS_POST,0.08152532330104259
LID_KB,IBS_NASL,0.10376636424248223
LID_KB,D_AD_KBRIG,0.07328112350861526
LID_KB,FIB_G_POST,0.10514804090077376
LID_KB,ant_im,0.11127789654804775
LID_KB,NA_BLOOD,0.07696299603079076
LID_KB,KFK_BLOOD,0.9999999999999998
LID_KB,ROE,0.12164624564287124
LID_KB,TIME_B_S,0.128973931123666
LID_KB,NA_KB,0.2846495701150602
LID_KB,NOT_NA_KB,0.09953612208592398
LID_KB,LID_S_n,0.12189173872248461
LID_KB,ANT_CA_S_n,0.11149120468627324
LID_KB,GEPAR_S_n,0.09795150823523559
LID_KB,TRENT_S_n,0.07480238193732938
NITR_S,AGE,0.08239580645575638
NITR_S,INF_ANAM,0.15161014885522675
NITR_S,STENOK_AN,0.10291631317868082
NITR_S,FK_STENOK,0.08849353358005703
NITR_S,DLIT_AG,0.08120885936155124
NITR_S,ZSN_A,0.0802308050115279
NITR_S,endocr_01,0.08601026095128946
NITR_S,zab_leg_02,0.07357096574357436
NITR_S,O_L_POST,0.29682140459665746
NITR_S,MP_TP_POST,0.07450280691715386
NITR_S,FIB_G_POST,0.08411796360792316
NITR_S,IM_PG_P,0.07953732392056356
NITR_S,ritm_ecg_p_01,0.13366562833108295
NITR_S,ritm_ecg_p_07,0.11681156791816963
NITR_S,n_p_ecg_p_10,0.08448891230654512
NITR_S,GIPO_K,0.086993068387873
NITR_S,KFK_BLOOD,0.4216370213557838
NITR_S,L_BLOOD,0.10220952833471608
NITR_S,ROE,0.07405613103618643
NITR_S,R_AB_1_n,0.09631692617732336
NITR_S,R_AB_2_n,0.14541385939547016
NITR_S,R_AB_3_n,0.13115642720180293
NITR_S,NA_KB,0.08245671217257494
NITR_S,NA_R_1_n,0.1832006374630539
NITR_S,NA_R_2_n,0.1424461420520132
NITR_S,NA_R_3_n,0.14836966956731062
NA_R_1_n,INF_ANAM,0.09477311195275238
NA_R_1_n,STENOK_AN,0.09556425302909435
NA_R_1_n,IBS_NASL,0.1853231571921991
NA_R_1_n,ant_im,0.10525502134469973
NA_R_1_n,lat_im,0.09115056522573399
NA_R_1_n,IM_PG_P,0.08867857375506107
NA_R_1_n,n_r_ecg_p_03,0.09708960430046554
NA_R_1_n,n_p_ecg_p_12,0.07919023005010861
NA_R_1_n,fibr_ter_03,0.0906855591904023
NA_R_1_n,fibr_ter_05,0.11133216583539869
NA_R_1_n,fibr_ter_06,0.14361517619994776
NA_R_1_n,K_BLOOD,0.09966408544409656
NA_R_1_n,NA_BLOOD,0.09279215065300467
NA_R_1_n,KFK_BLOOD,0.7378647873726218
NA_R_1_n,L_BLOOD,0.11519134766893072
NA_R_1_n,TIME_B_S,0.19659014771407798
NA_R_1_n,R_AB_1_n,0.5569258808007785
NA_R_1_n,R_AB_2_n,0.1381821373625776
NA_R_1_n,R_AB_3_n,0.10170443880226647
NA_R_1_n,NA_KB,0.14843133831896618
NA_R_1_n,NOT_NA_KB,0.10203515639535089
NA_R_1_n,NITR_S,0.1832006374630539
NA_R_1_n,NA_R_2_n,0.1770583492547623
NA_R_1_n,NA_R_3_n,0.12494913538964077
NA_R_1_n,NOT_NA_1_n,0.09195138725765555
NA_R_1_n,NOT_NA_2_n,0.07300851417631025
NA_R_1_n,LID_S_n,0.20708061024625474
NA_R_1_n,GEPAR_S_n,0.07592558919221597
NA_R_2_n,INF_ANAM,0.08114626260875289
NA_R_2_n,FK_STENOK,0.11744742296586197
NA_R_2_n,IBS_NASL,0.1016958483883895
NA_R_2_n,np_01,0.09139421421451367
NA_R_2_n,zab_leg_02,0.07380662680572718
NA_R_2_n,O_L_POST,0.11075352028217433
NA_R_2_n,ant_im,0.07701171839204136
NA_R_2_n,fibr_ter_06,0.10618568429656673
NA_R_2_n,KFK_BLOOD,0.12171612389003682
NA_R_2_n,R_AB_1_n,0.22877081203786334
NA_R_2_n,R_AB_2_n,0.6190305355513314
NA_R_2_n,R_AB_3_n,0.18996141864898072
NA_R_2_n,NA_KB,0.07760213955827674
NA_R_2_n,NOT_NA_KB,0.09523193096774649
NA_R_2_n,NITR_S,0.1424461420520132
NA_R_2_n,NA_R_1_n,0.1770583492547623
NA_R_2_n,NA_R_3_n,0.26916673865839624
NA_R_2_n,NOT_NA_2_n,0.20780921206417352
NA_R_3_n,STENOK_AN,0.1159773097438294
NA_R_3_n,FK_STENOK,0.1347994733485545
NA_R_3_n,endocr_01,0.09348463570537542
NA_R_3_n,zab_leg_02,0.0792247046142279
NA_R_3_n,S_AD_KBRIG,0.08631618936205161
NA_R_3_n,R_AB_1_n,0.1563511004415563
NA_R_3_n,R_AB_2_n,0.26378977316019325
NA_R_3_n,R_AB_3_n,0.5971399567602095
NA_R_3_n,NITR_S,0.14836966956731062
NA_R_3_n,NA_R_1_n,0.12494913538964077
NA_R_3_n,NA_R_2_n,0.26916673865839624
NA_R_3_n,NOT_NA_2_n,0.10828244666883355
NA_R_3_n,NOT_NA_3_n,0.20369470981045928
NOT_NA_1_n,IBS_NASL,0.23357993383899237
NOT_NA_1_n,S_AD_KBRIG,0.10852914519783598
NOT_NA_1_n,D_AD_KBRIG,0.09075501571882334
NOT_NA_1_n,ant_im,0.09380044761496059
NOT_NA_1_n,lat_im,0.07984506053862865
NOT_NA_1_n,TIME_B_S,0.07655527701810316
NOT_NA_1_n,R_AB_1_n,0.2919592246569114
NOT_NA_1_n,R_AB_2_n,0.07275319890820119
NOT_NA_1_n,NOT_NA_KB,0.08705958143393257
NOT_NA_1_n,NA_R_1_n,0.09195138725765555
NOT_NA_1_n,NOT_NA_2_n,0.320910912766127
NOT_NA_1_n,NOT_NA_3_n,0.2801153161584906
NOT_NA_2_n,R_AB_1_n,0.18581295437844622
NOT_NA_2_n,R_AB_2_n,0.3666282833044581
NOT_NA_2_n,R_AB_3_n,0.11916534394364728
NOT_NA_2_n,NA_R_1_n,0.07300851417631025
NOT_NA_2_n,NA_R_2_n,0.20780921206417352
NOT_NA_2_n,NA_R_3_n,0.10828244666883355
NOT_NA_2_n,NOT_NA_1_n,0.320910912766127
NOT_NA_2_n,NOT_NA_3_n,0.5227377076004497
NOT_NA_3_n,n_p_ecg_p_01,0.09270500311021196
NOT_NA_3_n,n_p_ecg_p_12,0.08719389905032957
NOT_NA_3_n,fibr_ter_07,0.08199977678268099
NOT_NA_3_n,AST_BLOOD,0.09830233876779848
NOT_NA_3_n,R_AB_1_n,0.09398455957669316
NOT_NA_3_n,R_AB_2_n,0.13581158057185033
NOT_NA_3_n,R_AB_3_n,0.3425907144842428
NOT_NA_3_n,NA_R_3_n,0.20369470981045928
NOT_NA_3_n,NOT_NA_1_n,0.2801153161584906
NOT_NA_3_n,NOT_NA_2_n,0.5227377076004497
LID_S_n,SEX,0.10273044679989507
LID_S_n,INF_ANAM,0.10204417772044141
LID_S_n,IBS_POST,0.09417225383439592
LID_S_n,IBS_NASL,0.1087741341291259
LID_S_n,endocr_01,0.07622467587167242
LID_S_n,ant_im,0.13811971980185003
LID_S_n,lat_im,0.08198643515842438
LID_S_n,post_im,0.07660714364889254
LID_S_n,n_r_ecg_p_03,0.20148618053474388
LID_S_n,n_r_ecg_p_04,0.1848320700846619
LID_S_n,fibr_ter_02,0.07434957715600571
LID_S_n,fibr_ter_03,0.1121600125564586
LID_S_n,fibr_ter_05,0.077696732586821
LID_S_n,GIPO_K,0.09831128750504113
LID_S_n,K_BLOOD,0.07882185772492109
LID_S_n,NA_BLOOD,0.14741200208835695
LID_S_n,KFK_BLOOD,0.5270462766947298
LID_S_n,TIME_B_S,0.16401590386668208
LID_S_n,NA_KB,0.21085273653015782
LID_S_n,NOT_NA_KB,0.08511397227890607
LID_S_n,LID_KB,0.12189173872248461
LID_S_n,NA_R_1_n,0.20708061024625474
B_BLOK_S_n,AGE,0.16018297937870013
B_BLOK_S_n,SEX,0.07785467011306865
B_BLOK_S_n,IBS_NASL,0.24011404093628644
B_BLOK_S_n,endocr_01,0.08331572183928042
B_BLOK_S_n,S_AD_ORIT,0.1085061933880086
B_BLOK_S_n,D_AD_ORIT,0.12902484067644882
B_BLOK_S_n,ant_im,0.08432797769883162
B_BLOK_S_n,lat_im,0.10570597207691533
B_BLOK_S_n,inf_im,0.1405396080530944
B_BLOK_S_n,post_im,0.11274019113273066
B_BLOK_S_n,fibr_ter_01,0.10924555659270387
B_BLOK_S_n,ALT_BLOOD,0.10200267473726461
B_BLOK_S_n,TIME_B_S,0.0984134322950886
B_BLOK_S_n,NA_KB,0.12818266310614393
B_BLOK_S_n,NOT_NA_KB,0.09023664787907759
B_BLOK_S_n,ANT_CA_S_n,0.13871849723025764
ANT_CA_S_n,S_AD_KBRIG,0.18250620179718946
ANT_CA_S_n,D_AD_KBRIG,0.20562834004165503
ANT_CA_S_n,S_AD_ORIT,0.20107791308961306
ANT_CA_S_n,D_AD_ORIT,0.1981389663382244
ANT_CA_S_n,K_SH_POST,0.16902374660785904
ANT_CA_S_n,ritm_ecg_p_04,0.09523823534025029
ANT_CA_S_n,n_p_ecg_p_03,0.08079980449989402
ANT_CA_S_n,n_p_ecg_p_06,0.11541935492426308
ANT_CA_S_n,AST_BLOOD,0.08195454436847424
ANT_CA_S_n,KFK_BLOOD,0.4216370213557838
ANT_CA_S_n,NA_KB,0.08309913797443001
ANT_CA_S_n,LID_KB,0.11149120468627324
ANT_CA_S_n,B_BLOK_S_n,0.13871849723025764
ANT_CA_S_n,ASP_S_n,0.11389806973115531
GEPAR_S_n,AGE,0.09845353007463098
GEPAR_S_n,IBS_POST,0.07265309401030169
GEPAR_S_n,IBS_NASL,0.11293523102442525
GEPAR_S_n,ZSN_A,0.07472406145662634
GEPAR_S_n,K_SH_POST,0.11275984341233372
GEPAR_S_n,fibr_ter_03,0.07452450192793186
GEPAR_S_n,KFK_BLOOD,0.7378647873726218
GEPAR_S_n,TIME_B_S,0.1251501169442543
GEPAR_S_n,NA_KB,0.14360250453631734
GEPAR_S_n,NOT_NA_KB,0.08429427024691151
GEPAR_S_n,LID_KB,0.09795150823523559
GEPAR_S_n,NA_R_1_n,0.07592558919221597
GEPAR_S_n,ASP_S_n,0.266454499236652
ASP_S_n,S_AD_KBRIG,0.17534861686047715
ASP_S_n,D_AD_KBRIG,0.19522813525503854
ASP_S_n,S_AD_ORIT,0.17137362872624515
ASP_S_n,D_AD_ORIT,0.20935742894621825
ASP_S_n,K_SH_POST,0.2207886444864235
ASP_S_n,ritm_ecg_p_04,0.07650587491874221
ASP_S_n,n_p_ecg_p_06,0.10359701397999851
ASP_S_n,n_p_ecg_p_12,0.07848139769386007
ASP_S_n,KFK_BLOOD,0.48686449556014766
ASP_S_n,ANT_CA_S_n,0.11389806973115531
ASP_S_n,GEPAR_S_n,0.266454499236652
ASP_S_n,TIKL_S_n,0.10611246498347303
ASP_S_n,TRENT_S_n,0.22567327057299014
TIKL_S_n,IBS_NASL,0.13100020021041991
TIKL_S_n,np_05,0.10042990901579447
TIKL_S_n,fibr_ter_03,0.11024907482678786
TIKL_S_n,NA_BLOOD,0.0917953681761243
TIKL_S_n,ASP_S_n,0.10611246498347303
TRENT_S_n,post_im,0.08216503560732125
TRENT_S_n,n_r_ecg_p_03,0.07784496794441871
TRENT_S_n,NA_KB,0.07699702846589727
TRENT_S_n,LID_KB,0.07480238193732938
TRENT_S_n,ASP_S_n,0.22567327057299014
